category,n,corr
Food,3,0.37806281400765357
Transportation,3,0.36232245814072106
Housing,3,0.34047148018179596
Apparel,3,0.14553387406322568
Commodities Services Special,3,-0.025851151042376567
All Items,3,-0.19371889546362553
Medical,3,-0.3854254357825118
All Other Services Goods,3,-0.5650249127886098
